true,predicted,count,share_of_true_class
Back or spine pain,Limb injury or pain,58,0.06783625730994151
Head injury,Laceration w/o fb of l idx fngr w/o damage to nail,50,0.099601593625498
Head injury,Multiple fractures of ribs,45,0.08964143426294821
Skin or soft-tissue infection,Limb injury or pain,44,0.11311053984575835
Cardiovascular risk factor,Dehydration,39,0.0520694259012016
GI bleed,Anemia,38,0.12582781456953643
Limb injury or pain,Back or spine pain,38,0.042081949058693245
Cardiovascular risk factor,Unspecified atrial fibrillation,37,0.049399198931909215
Limb injury or pain,Skin or soft-tissue infection,37,0.04097452934662237
Back or spine pain,Cardiovascular risk factor,35,0.04093567251461988
Cardiovascular risk factor,Hypokalemia,33,0.044058744993324434
Back or spine pain,Head injury,32,0.03742690058479532
Lower respiratory disease,Unspecified asthma with (acute) exacerbation,32,0.08672086720867209
Limb injury or pain,Laceration w/o fb of l idx fngr w/o damage to nail,31,0.03433001107419712
Cardiovascular risk factor,Limb injury or pain,29,0.03871829105473965
UTI or pyelonephritis,Lower respiratory disease,29,0.07021791767554479
Cardiovascular risk factor,Hypothyroidism,28,0.037383177570093455
Limb injury or pain,Cardiovascular risk factor,28,0.031007751937984496
Lower respiratory disease,Acute upper respiratory infection,28,0.07588075880758807
Cardiovascular risk factor,Diabetes mellitus,27,0.036048064085447265
Limb injury or pain,Head injury,27,0.029900332225913623
UTI or pyelonephritis,Dehydration,27,0.06537530266343826
Back or spine pain,Multiple fractures of ribs,26,0.0304093567251462
Cardiovascular risk factor,Acute upper respiratory infection,26,0.03471295060080107
Cardiovascular risk factor,Non-ST elevation (NSTEMI) myocardial infarction,26,0.03471295060080107
Lower respiratory disease,Heart failure,26,0.07046070460704607
UTI or pyelonephritis,Cardiovascular risk factor,26,0.06295399515738499
Head injury,Back or spine pain,25,0.049800796812749
Limb injury or pain,Acute upper respiratory infection,25,0.02768549280177187
Limb injury or pain,Diabetes mellitus,25,0.02768549280177187
Head injury,Limb injury or pain,23,0.045816733067729085
Lower respiratory disease,Hypokalemia,23,0.06233062330623306
Back or spine pain,Hypothyroidism,22,0.025730994152046785
UTI or pyelonephritis,Sepsis,22,0.053268765133171914
Back or spine pain,UTI or pyelonephritis,21,0.02456140350877193
GI bleed,Dehydration,20,0.06622516556291391
Cardiovascular risk factor,Anxiety disorder,19,0.025367156208277702
Cardiovascular risk factor,UTI or pyelonephritis,19,0.025367156208277702
Skin or soft-tissue infection,Lower respiratory disease,18,0.04627249357326478
UTI or pyelonephritis,Acute upper respiratory infection,18,0.043583535108958835
UTI or pyelonephritis,Anemia,18,0.043583535108958835
Back or spine pain,Diabetes mellitus,17,0.019883040935672516
Cardiovascular risk factor,Multiple fractures of ribs,17,0.022696929238985315
Diabetes mellitus,UTI or pyelonephritis,17,0.04
Skin or soft-tissue infection,Diabetes mellitus,17,0.043701799485861184
Acute pharyngitis,Acute upper respiratory infection,16,0.09523809523809523
Lower respiratory disease,Unspecified atrial fibrillation,16,0.04336043360433604
Unspecified asthma with (acute) exacerbation,Acute upper respiratory infection,16,0.14285714285714285
Cardiovascular risk factor,Anemia,15,0.020026702269692925
Diabetes mellitus,Cardiovascular risk factor,15,0.03529411764705882
Diabetes mellitus,Hypokalemia,15,0.03529411764705882
Hypokalemia,Dehydration,15,0.11811023622047244
Laceration w/o fb of l idx fngr w/o damage to nail,Limb injury or pain,15,0.12295081967213115
Limb injury or pain,Anemia,15,0.016611295681063124
Limb injury or pain,Multiple fractures of ribs,15,0.016611295681063124
Lower respiratory disease,Sepsis,15,0.04065040650406504
UTI or pyelonephritis,Diabetes mellitus,15,0.03631961259079903
Cardiovascular risk factor,Heart failure,14,0.018691588785046728
Cardiovascular risk factor,Hypotension,14,0.018691588785046728
Head injury,Unspecified atrial fibrillation,14,0.027888446215139442
Limb injury or pain,Dehydration,14,0.015503875968992248
Lower respiratory disease,Cardiovascular risk factor,14,0.037940379403794036
UTI or pyelonephritis,Acute kidney failure,14,0.03389830508474576
Unspecified atrial fibrillation,Cardiovascular risk factor,14,0.0782122905027933
Anxiety disorder,Major depressive disorder,13,0.09420289855072464
Cardiovascular risk factor,Lower respiratory disease,13,0.017356475300400534
Diabetes mellitus,Lower respiratory disease,13,0.03058823529411765
Limb injury or pain,Hypothyroidism,13,0.014396456256921373
Major depressive disorder,Anxiety disorder,13,0.04868913857677903
Unspecified atrial fibrillation,Heart failure,13,0.07262569832402235
Anxiety disorder,Dehydration,12,0.08695652173913043
Back or spine pain,Acute upper respiratory infection,12,0.014035087719298246
Diabetes mellitus,Heart failure,12,0.02823529411764706
Diabetes mellitus,Limb injury or pain,12,0.02823529411764706
Diabetes mellitus,Skin or soft-tissue infection,12,0.02823529411764706
Head injury,Cardiovascular risk factor,12,0.02390438247011952
Limb injury or pain,Hypokalemia,12,0.013289036544850499
Skin or soft-tissue infection,Acute upper respiratory infection,12,0.030848329048843187
Skin or soft-tissue infection,Anemia,12,0.030848329048843187
Skin or soft-tissue infection,Cardiovascular risk factor,12,0.030848329048843187
Acute kidney failure,Anemia,11,0.0859375
Acute kidney failure,Dehydration,11,0.0859375
Alcohol abuse with intoxication,Major depressive disorder,11,0.03188405797101449
Cardiovascular risk factor,Head injury,11,0.014686248331108143
Cardiovascular risk factor,Unsp intestnl obst,11,0.014686248331108143
Cardiovascular risk factor,Unspecified asthma with (acute) exacerbation,11,0.014686248331108143
Diabetes mellitus,Dehydration,11,0.02588235294117647
Head injury,Diabetes mellitus,11,0.021912350597609563
Hypokalemia,Acute kidney failure,11,0.08661417322834646
Lower respiratory disease,Non-ST elevation (NSTEMI) myocardial infarction,11,0.02981029810298103
UTI or pyelonephritis,Hypokalemia,11,0.026634382566585957
Unsp intestnl obst,Dehydration,11,0.09401709401709402
Acute kidney failure,Hypokalemia,10,0.078125
Back or spine pain,Anxiety disorder,10,0.011695906432748537
Back or spine pain,Skin or soft-tissue infection,10,0.011695906432748537
Lower respiratory disease,Diabetes mellitus,10,0.02710027100271003
Multiple fractures of ribs,Head injury,10,0.14285714285714285
UTI or pyelonephritis,Back or spine pain,10,0.024213075060532687
UTI or pyelonephritis,Hypothyroidism,10,0.024213075060532687
Acute upper respiratory infection,Unspecified asthma with (acute) exacerbation,9,0.10975609756097561
Alcohol abuse with intoxication,Dehydration,9,0.02608695652173913
Cardiovascular risk factor,Back or spine pain,9,0.012016021361815754
Cardiovascular risk factor,Skin or soft-tissue infection,9,0.012016021361815754
Dehydration,Acute upper respiratory infection,9,0.06976744186046512
Head injury,Dehydration,9,0.017928286852589643
Limb injury or pain,Acute pharyngitis,9,0.009966777408637873
Skin or soft-tissue infection,Hypokalemia,9,0.02313624678663239
UTI or pyelonephritis,Skin or soft-tissue infection,9,0.021791767554479417
Unspecified atrial fibrillation,Hypokalemia,9,0.05027932960893855
Unspecified atrial fibrillation,Non-ST elevation (NSTEMI) myocardial infarction,9,0.05027932960893855
Acute upper respiratory infection,Acute pharyngitis,8,0.0975609756097561
Anemia,GI bleed,8,0.07017543859649122
Back or spine pain,Lower respiratory disease,8,0.00935672514619883
Diabetes mellitus,Acute kidney failure,8,0.018823529411764704
Diabetes mellitus,Anemia,8,0.018823529411764704
Diabetes mellitus,Non-ST elevation (NSTEMI) myocardial infarction,8,0.018823529411764704
End stage renal disease,Hypokalemia,8,0.18181818181818182
GI bleed,Cardiovascular risk factor,8,0.026490066225165563
Head injury,Non-ST elevation (NSTEMI) myocardial infarction,8,0.01593625498007968
Hypokalemia,Anemia,8,0.06299212598425197
Skin or soft-tissue infection,Back or spine pain,8,0.02056555269922879
Unspecified atrial fibrillation,Lower respiratory disease,8,0.0446927374301676
Back or spine pain,Hypokalemia,7,0.008187134502923977
Back or spine pain,Unspecified atrial fibrillation,7,0.008187134502923977
Dehydration,Anxiety disorder,7,0.05426356589147287
Heart failure,Lower respiratory disease,7,0.08235294117647059
Hypotension,Sepsis,7,0.14893617021276595
Limb injury or pain,Lower respiratory disease,7,0.007751937984496124
Lower respiratory disease,Anemia,7,0.018970189701897018
Lower respiratory disease,Dehydration,7,0.018970189701897018
Lower respiratory disease,Multiple fractures of ribs,7,0.018970189701897018
Major depressive disorder,Dehydration,7,0.026217228464419477
Skin or soft-tissue infection,Laceration w/o fb of l idx fngr w/o damage to nail,7,0.017994858611825194
UTI or pyelonephritis,Unsp intestnl obst,7,0.01694915254237288
Unspecified asthma with (acute) exacerbation,Lower respiratory disease,7,0.0625
Unspecified atrial fibrillation,Diabetes mellitus,7,0.03910614525139665
Acute kidney failure,End stage renal disease,6,0.046875
Acute upper respiratory infection,Lower respiratory disease,6,0.07317073170731707
Alcohol abuse with intoxication,Anxiety disorder,6,0.017391304347826087
Alcohol abuse with intoxication,Epilepsy,6,0.017391304347826087
Alcohol abuse with intoxication,Head injury,6,0.017391304347826087
Back or spine pain,Dehydration,6,0.007017543859649123
Back or spine pain,GI bleed,6,0.007017543859649123
Cardiovascular risk factor,Acute kidney failure,6,0.00801068090787717
Cardiovascular risk factor,Epilepsy,6,0.00801068090787717
Dehydration,Diabetes mellitus,6,0.046511627906976744
Dehydration,Hypokalemia,6,0.046511627906976744
Dehydration,Hypothyroidism,6,0.046511627906976744
Diabetes mellitus,Hypothyroidism,6,0.01411764705882353
Diabetes mellitus,Unspecified atrial fibrillation,6,0.01411764705882353
Head injury,Alcohol abuse with intoxication,6,0.01195219123505976
Head injury,Epilepsy,6,0.01195219123505976
Head injury,Hypothyroidism,6,0.01195219123505976
Head injury,Lower respiratory disease,6,0.01195219123505976
Hypokalemia,Heart failure,6,0.047244094488188976
Hypotension,Dehydration,6,0.1276595744680851
Limb injury or pain,Acute kidney failure,6,0.006644518272425249
Limb injury or pain,Non-ST elevation (NSTEMI) myocardial infarction,6,0.006644518272425249
Limb injury or pain,Unspecified atrial fibrillation,6,0.006644518272425249
Lower respiratory disease,Unsp intestnl obst,6,0.016260162601626018
Multiple fractures of ribs,Lower respiratory disease,6,0.08571428571428572
UTI or pyelonephritis,Unspecified atrial fibrillation,6,0.014527845036319613
Unsp intestnl obst,Cardiovascular risk factor,6,0.05128205128205128
Unsp intestnl obst,UTI or pyelonephritis,6,0.05128205128205128
Acute kidney failure,Cardiovascular risk factor,5,0.0390625
Acute kidney failure,Heart failure,5,0.0390625
Alcohol abuse with intoxication,Cardiovascular risk factor,5,0.014492753623188406
Anxiety disorder,Acute upper respiratory infection,5,0.036231884057971016
Anxiety disorder,Hypothyroidism,5,0.036231884057971016
Back or spine pain,Laceration w/o fb of l idx fngr w/o damage to nail,5,0.005847953216374269
Cardiovascular risk factor,End stage renal disease,5,0.006675567423230975
Cardiovascular risk factor,GI bleed,5,0.006675567423230975
Cardiovascular risk factor,Major depressive disorder,5,0.006675567423230975
Diabetes mellitus,Back or spine pain,5,0.011764705882352941
Diabetes mellitus,End stage renal disease,5,0.011764705882352941
Diabetes mellitus,Epilepsy,5,0.011764705882352941
Diabetes mellitus,Hypotension,5,0.011764705882352941
GI bleed,Hypotension,5,0.016556291390728478
GI bleed,Sepsis,5,0.016556291390728478
Head injury,Acute upper respiratory infection,5,0.0099601593625498
Head injury,Hypokalemia,5,0.0099601593625498
Head injury,Skin or soft-tissue infection,5,0.0099601593625498
Heart failure,Anemia,5,0.058823529411764705
Hypotension,Hypokalemia,5,0.10638297872340426
Limb injury or pain,Alcohol abuse with intoxication,5,0.005537098560354375
Limb injury or pain,Anxiety disorder,5,0.005537098560354375
Limb injury or pain,End stage renal disease,5,0.005537098560354375
Limb injury or pain,Unspecified asthma with (acute) exacerbation,5,0.005537098560354375
Lower respiratory disease,Hypothyroidism,5,0.013550135501355014
Lower respiratory disease,UTI or pyelonephritis,5,0.013550135501355014
Sepsis,Anemia,5,0.12195121951219512
Skin or soft-tissue infection,Hypothyroidism,5,0.012853470437017995
UTI or pyelonephritis,Head injury,5,0.012106537530266344
UTI or pyelonephritis,Hypotension,5,0.012106537530266344
Unspecified atrial fibrillation,Dehydration,5,0.027932960893854747
Acute kidney failure,Diabetes mellitus,4,0.03125
Acute kidney failure,UTI or pyelonephritis,4,0.03125
Acute kidney failure,Unspecified atrial fibrillation,4,0.03125
Acute pharyngitis,Back or spine pain,4,0.023809523809523808
Acute upper respiratory infection,Cardiovascular risk factor,4,0.04878048780487805
Anemia,Dehydration,4,0.03508771929824561
Anemia,Lower respiratory disease,4,0.03508771929824561
Back or spine pain,Anemia,4,0.004678362573099415
Cardiovascular risk factor,Laceration w/o fb of l idx fngr w/o damage to nail,4,0.0053404539385847796
Cardiovascular risk factor,Sepsis,4,0.0053404539385847796
Dehydration,GI bleed,4,0.031007751937984496
Dehydration,Unspecified atrial fibrillation,4,0.031007751937984496
Diabetes mellitus,Acute upper respiratory infection,4,0.009411764705882352
Diabetes mellitus,Anxiety disorder,4,0.009411764705882352
Diabetes mellitus,Head injury,4,0.009411764705882352
Diabetes mellitus,Sepsis,4,0.009411764705882352
Diabetes mellitus,Unsp intestnl obst,4,0.009411764705882352
Head injury,Anxiety disorder,4,0.00796812749003984
Heart failure,Non-ST elevation (NSTEMI) myocardial infarction,4,0.047058823529411764
Hypothyroidism,Cardiovascular risk factor,4,0.06153846153846154
Laceration w/o fb of l idx fngr w/o damage to nail,Hypothyroidism,4,0.03278688524590164
Limb injury or pain,Epilepsy,4,0.004429678848283499
Lower respiratory disease,Epilepsy,4,0.01084010840108401
Multiple fractures of ribs,Back or spine pain,4,0.05714285714285714
Skin or soft-tissue infection,Dehydration,4,0.010282776349614395
Skin or soft-tissue infection,Sepsis,4,0.010282776349614395
Skin or soft-tissue infection,UTI or pyelonephritis,4,0.010282776349614395
UTI or pyelonephritis,Epilepsy,4,0.009685230024213076
UTI or pyelonephritis,GI bleed,4,0.009685230024213076
UTI or pyelonephritis,Heart failure,4,0.009685230024213076
UTI or pyelonephritis,Limb injury or pain,4,0.009685230024213076
UTI or pyelonephritis,Multiple fractures of ribs,4,0.009685230024213076
Unsp intestnl obst,Diabetes mellitus,4,0.03418803418803419
Unsp intestnl obst,Hypokalemia,4,0.03418803418803419
Unspecified asthma with (acute) exacerbation,Heart failure,4,0.03571428571428571
Unspecified atrial fibrillation,Multiple fractures of ribs,4,0.0223463687150838
Unspecified atrial fibrillation,Sepsis,4,0.0223463687150838
Acute kidney failure,Back or spine pain,3,0.0234375
Acute kidney failure,Hypotension,3,0.0234375
Acute kidney failure,Multiple fractures of ribs,3,0.0234375
Acute kidney failure,Sepsis,3,0.0234375
Acute pharyngitis,Laceration w/o fb of l idx fngr w/o damage to nail,3,0.017857142857142856
Acute upper respiratory infection,Diabetes mellitus,3,0.036585365853658534
Alcohol abuse with intoxication,Laceration w/o fb of l idx fngr w/o damage to nail,3,0.008695652173913044
Alcohol abuse with intoxication,Unspecified asthma with (acute) exacerbation,3,0.008695652173913044
Anxiety disorder,Cardiovascular risk factor,3,0.021739130434782608
Anxiety disorder,Epilepsy,3,0.021739130434782608
Back or spine pain,Acute kidney failure,3,0.0035087719298245615
Back or spine pain,Non-ST elevation (NSTEMI) myocardial infarction,3,0.0035087719298245615
Back or spine pain,Sepsis,3,0.0035087719298245615
Back or spine pain,Unspecified asthma with (acute) exacerbation,3,0.0035087719298245615
Cardiovascular risk factor,Alcohol abuse with intoxication,3,0.004005340453938585
Dehydration,Acute kidney failure,3,0.023255813953488372
Dehydration,Anemia,3,0.023255813953488372
Dehydration,Cardiovascular risk factor,3,0.023255813953488372
Dehydration,Hypotension,3,0.023255813953488372
Dehydration,Lower respiratory disease,3,0.023255813953488372
Dehydration,Sepsis,3,0.023255813953488372
Dehydration,UTI or pyelonephritis,3,0.023255813953488372
Dehydration,Unsp intestnl obst,3,0.023255813953488372
End stage renal disease,Heart failure,3,0.06818181818181818
Epilepsy,Cardiovascular risk factor,3,0.030927835051546393
GI bleed,Acute upper respiratory infection,3,0.009933774834437087
GI bleed,Hypothyroidism,3,0.009933774834437087
GI bleed,Lower respiratory disease,3,0.009933774834437087
GI bleed,Unsp intestnl obst,3,0.009933774834437087
Head injury,Anemia,3,0.00597609561752988
Head injury,Hypotension,3,0.00597609561752988
Head injury,Unspecified asthma with (acute) exacerbation,3,0.00597609561752988
Heart failure,Diabetes mellitus,3,0.03529411764705882
Heart failure,Unspecified atrial fibrillation,3,0.03529411764705882
Hypokalemia,Skin or soft-tissue infection,3,0.023622047244094488
Hypothyroidism,Acute upper respiratory infection,3,0.046153846153846156
Hypothyroidism,Dehydration,3,0.046153846153846156
Limb injury or pain,Heart failure,3,0.0033222591362126247
Lower respiratory disease,Acute kidney failure,3,0.008130081300813009
Major depressive disorder,Alcohol abuse with intoxication,3,0.011235955056179775
Major depressive disorder,Back or spine pain,3,0.011235955056179775
Major depressive disorder,Limb injury or pain,3,0.011235955056179775
Sepsis,Dehydration,3,0.07317073170731707
Sepsis,Lower respiratory disease,3,0.07317073170731707
Skin or soft-tissue infection,Acute kidney failure,3,0.007712082262210797
Skin or soft-tissue infection,Alcohol abuse with intoxication,3,0.007712082262210797
Skin or soft-tissue infection,Anxiety disorder,3,0.007712082262210797
Skin or soft-tissue infection,Epilepsy,3,0.007712082262210797
Skin or soft-tissue infection,GI bleed,3,0.007712082262210797
Skin or soft-tissue infection,Major depressive disorder,3,0.007712082262210797
Skin or soft-tissue infection,Unsp intestnl obst,3,0.007712082262210797
UTI or pyelonephritis,Acute pharyngitis,3,0.007263922518159807
UTI or pyelonephritis,Laceration w/o fb of l idx fngr w/o damage to nail,3,0.007263922518159807
UTI or pyelonephritis,Major depressive disorder,3,0.007263922518159807
UTI or pyelonephritis,Non-ST elevation (NSTEMI) myocardial infarction,3,0.007263922518159807
UTI or pyelonephritis,Unspecified asthma with (acute) exacerbation,3,0.007263922518159807
Unsp intestnl obst,GI bleed,3,0.02564102564102564
Unsp intestnl obst,Hypothyroidism,3,0.02564102564102564
Unsp intestnl obst,Lower respiratory disease,3,0.02564102564102564
Unspecified atrial fibrillation,Head injury,3,0.01675977653631285
Acute kidney failure,Lower respiratory disease,2,0.015625
Acute kidney failure,Non-ST elevation (NSTEMI) myocardial infarction,2,0.015625
Acute pharyngitis,Cardiovascular risk factor,2,0.011904761904761904
Acute pharyngitis,Dehydration,2,0.011904761904761904
Acute pharyngitis,Lower respiratory disease,2,0.011904761904761904
Acute pharyngitis,Skin or soft-tissue infection,2,0.011904761904761904
Acute pharyngitis,UTI or pyelonephritis,2,0.011904761904761904
Acute upper respiratory infection,Anxiety disorder,2,0.024390243902439025
Acute upper respiratory infection,Dehydration,2,0.024390243902439025
Acute upper respiratory infection,Hypothyroidism,2,0.024390243902439025
Acute upper respiratory infection,Limb injury or pain,2,0.024390243902439025
Alcohol abuse with intoxication,Back or spine pain,2,0.005797101449275362
Alcohol abuse with intoxication,Hypokalemia,2,0.005797101449275362
Alcohol abuse with intoxication,Multiple fractures of ribs,2,0.005797101449275362
Anemia,Acute kidney failure,2,0.017543859649122806
Anemia,Acute upper respiratory infection,2,0.017543859649122806
Anemia,Hypokalemia,2,0.017543859649122806
Anemia,Hypothyroidism,2,0.017543859649122806
Anemia,Non-ST elevation (NSTEMI) myocardial infarction,2,0.017543859649122806
Anemia,Unspecified atrial fibrillation,2,0.017543859649122806
Anxiety disorder,Alcohol abuse with intoxication,2,0.014492753623188406
Anxiety disorder,Diabetes mellitus,2,0.014492753623188406
Anxiety disorder,Limb injury or pain,2,0.014492753623188406
Anxiety disorder,Unspecified asthma with (acute) exacerbation,2,0.014492753623188406
Anxiety disorder,Unspecified atrial fibrillation,2,0.014492753623188406
Back or spine pain,Alcohol abuse with intoxication,2,0.0023391812865497076
Back or spine pain,Epilepsy,2,0.0023391812865497076
Back or spine pain,Unsp intestnl obst,2,0.0023391812865497076
Dehydration,Skin or soft-tissue infection,2,0.015503875968992248
Diabetes mellitus,Alcohol abuse with intoxication,2,0.004705882352941176
Diabetes mellitus,Major depressive disorder,2,0.004705882352941176
End stage renal disease,Acute kidney failure,2,0.045454545454545456
End stage renal disease,Anemia,2,0.045454545454545456
End stage renal disease,Lower respiratory disease,2,0.045454545454545456
Epilepsy,Acute upper respiratory infection,2,0.020618556701030927
Epilepsy,Anxiety disorder,2,0.020618556701030927
Epilepsy,Back or spine pain,2,0.020618556701030927
Epilepsy,Dehydration,2,0.020618556701030927
Epilepsy,Hypokalemia,2,0.020618556701030927
GI bleed,Acute kidney failure,2,0.006622516556291391
GI bleed,Anxiety disorder,2,0.006622516556291391
GI bleed,Hypokalemia,2,0.006622516556291391
GI bleed,UTI or pyelonephritis,2,0.006622516556291391
GI bleed,Unspecified atrial fibrillation,2,0.006622516556291391
Head injury,Acute kidney failure,2,0.00398406374501992
Head injury,Major depressive disorder,2,0.00398406374501992
Head injury,UTI or pyelonephritis,2,0.00398406374501992
Heart failure,Acute kidney failure,2,0.023529411764705882
Heart failure,Cardiovascular risk factor,2,0.023529411764705882
Heart failure,Hypokalemia,2,0.023529411764705882
Heart failure,Unspecified asthma with (acute) exacerbation,2,0.023529411764705882
Hypokalemia,Cardiovascular risk factor,2,0.015748031496062992
Hypokalemia,Diabetes mellitus,2,0.015748031496062992
Hypokalemia,Head injury,2,0.015748031496062992
Hypokalemia,Major depressive disorder,2,0.015748031496062992
Hypokalemia,Sepsis,2,0.015748031496062992
Hypokalemia,Unsp intestnl obst,2,0.015748031496062992
Hypotension,Anemia,2,0.0425531914893617
Hypotension,Head injury,2,0.0425531914893617
Hypotension,UTI or pyelonephritis,2,0.0425531914893617
Hypotension,Unspecified atrial fibrillation,2,0.0425531914893617
Hypothyroidism,Anxiety disorder,2,0.03076923076923077
Hypothyroidism,Diabetes mellitus,2,0.03076923076923077
Hypothyroidism,Hypokalemia,2,0.03076923076923077
Hypothyroidism,Limb injury or pain,2,0.03076923076923077
Laceration w/o fb of l idx fngr w/o damage to nail,Back or spine pain,2,0.01639344262295082
Laceration w/o fb of l idx fngr w/o damage to nail,Cardiovascular risk factor,2,0.01639344262295082
Laceration w/o fb of l idx fngr w/o damage to nail,Skin or soft-tissue infection,2,0.01639344262295082
Limb injury or pain,GI bleed,2,0.0022148394241417496
Limb injury or pain,Hypotension,2,0.0022148394241417496
Limb injury or pain,UTI or pyelonephritis,2,0.0022148394241417496
Lower respiratory disease,Acute pharyngitis,2,0.005420054200542005
Lower respiratory disease,Back or spine pain,2,0.005420054200542005
Lower respiratory disease,End stage renal disease,2,0.005420054200542005
Lower respiratory disease,GI bleed,2,0.005420054200542005
Lower respiratory disease,Head injury,2,0.005420054200542005
Lower respiratory disease,Hypotension,2,0.005420054200542005
Major depressive disorder,Cardiovascular risk factor,2,0.00749063670411985
Major depressive disorder,Epilepsy,2,0.00749063670411985
Major depressive disorder,Laceration w/o fb of l idx fngr w/o damage to nail,2,0.00749063670411985
Major depressive disorder,Unspecified asthma with (acute) exacerbation,2,0.00749063670411985
Multiple fractures of ribs,Unspecified atrial fibrillation,2,0.02857142857142857
Non-ST elevation (NSTEMI) myocardial infarction,Cardiovascular risk factor,2,0.027777777777777776
Non-ST elevation (NSTEMI) myocardial infarction,Heart failure,2,0.027777777777777776
Non-ST elevation (NSTEMI) myocardial infarction,Hypokalemia,2,0.027777777777777776
Non-ST elevation (NSTEMI) myocardial infarction,Sepsis,2,0.027777777777777776
Non-ST elevation (NSTEMI) myocardial infarction,Unspecified atrial fibrillation,2,0.027777777777777776
Skin or soft-tissue infection,Heart failure,2,0.005141388174807198
Skin or soft-tissue infection,Multiple fractures of ribs,2,0.005141388174807198
Skin or soft-tissue infection,Unspecified atrial fibrillation,2,0.005141388174807198
UTI or pyelonephritis,Alcohol abuse with intoxication,2,0.004842615012106538
UTI or pyelonephritis,End stage renal disease,2,0.004842615012106538
Unsp intestnl obst,Acute kidney failure,2,0.017094017094017096
Unsp intestnl obst,Anemia,2,0.017094017094017096
Unsp intestnl obst,Hypotension,2,0.017094017094017096
Unsp intestnl obst,Sepsis,2,0.017094017094017096
Unsp intestnl obst,Unspecified atrial fibrillation,2,0.017094017094017096
Unspecified asthma with (acute) exacerbation,Cardiovascular risk factor,2,0.017857142857142856
Unspecified asthma with (acute) exacerbation,Diabetes mellitus,2,0.017857142857142856
Unspecified atrial fibrillation,Acute kidney failure,2,0.0111731843575419
Unspecified atrial fibrillation,Back or spine pain,2,0.0111731843575419
Unspecified atrial fibrillation,Hypothyroidism,2,0.0111731843575419
Unspecified atrial fibrillation,Limb injury or pain,2,0.0111731843575419
Acute kidney failure,Acute upper respiratory infection,1,0.0078125
Acute kidney failure,Epilepsy,1,0.0078125
Acute kidney failure,GI bleed,1,0.0078125
Acute kidney failure,Hypothyroidism,1,0.0078125
Acute kidney failure,Major depressive disorder,1,0.0078125
Acute kidney failure,Unsp intestnl obst,1,0.0078125
Acute pharyngitis,Acute kidney failure,1,0.005952380952380952
Acute pharyngitis,Anemia,1,0.005952380952380952
Acute pharyngitis,Anxiety disorder,1,0.005952380952380952
Acute pharyngitis,Diabetes mellitus,1,0.005952380952380952
Acute pharyngitis,Head injury,1,0.005952380952380952
Acute pharyngitis,Hypokalemia,1,0.005952380952380952
Acute pharyngitis,Hypothyroidism,1,0.005952380952380952
Acute pharyngitis,Limb injury or pain,1,0.005952380952380952
Acute pharyngitis,Non-ST elevation (NSTEMI) myocardial infarction,1,0.005952380952380952
Acute pharyngitis,Unspecified atrial fibrillation,1,0.005952380952380952
Acute upper respiratory infection,Heart failure,1,0.012195121951219513
Acute upper respiratory infection,Hypokalemia,1,0.012195121951219513
Acute upper respiratory infection,Major depressive disorder,1,0.012195121951219513
Acute upper respiratory infection,UTI or pyelonephritis,1,0.012195121951219513
Alcohol abuse with intoxication,Acute kidney failure,1,0.002898550724637681
Alcohol abuse with intoxication,Anemia,1,0.002898550724637681
Alcohol abuse with intoxication,Diabetes mellitus,1,0.002898550724637681
Alcohol abuse with intoxication,GI bleed,1,0.002898550724637681
Alcohol abuse with intoxication,Hypotension,1,0.002898550724637681
Alcohol abuse with intoxication,Limb injury or pain,1,0.002898550724637681
Alcohol abuse with intoxication,Lower respiratory disease,1,0.002898550724637681
Alcohol abuse with intoxication,Non-ST elevation (NSTEMI) myocardial infarction,1,0.002898550724637681
Alcohol abuse with intoxication,Sepsis,1,0.002898550724637681
Alcohol abuse with intoxication,Unsp intestnl obst,1,0.002898550724637681
Anemia,Alcohol abuse with intoxication,1,0.008771929824561403
Anemia,Cardiovascular risk factor,1,0.008771929824561403
Anemia,Diabetes mellitus,1,0.008771929824561403
Anemia,End stage renal disease,1,0.008771929824561403
Anemia,Hypotension,1,0.008771929824561403
Anemia,Skin or soft-tissue infection,1,0.008771929824561403
Anemia,UTI or pyelonephritis,1,0.008771929824561403
Anxiety disorder,Head injury,1,0.007246376811594203
Anxiety disorder,Hypokalemia,1,0.007246376811594203
Anxiety disorder,Laceration w/o fb of l idx fngr w/o damage to nail,1,0.007246376811594203
Anxiety disorder,UTI or pyelonephritis,1,0.007246376811594203
Dehydration,Acute pharyngitis,1,0.007751937984496124
Dehydration,Epilepsy,1,0.007751937984496124
Dehydration,Head injury,1,0.007751937984496124
Dehydration,Limb injury or pain,1,0.007751937984496124
Dehydration,Major depressive disorder,1,0.007751937984496124
Dehydration,Non-ST elevation (NSTEMI) myocardial infarction,1,0.007751937984496124
Dehydration,Unspecified asthma with (acute) exacerbation,1,0.007751937984496124
Diabetes mellitus,Acute pharyngitis,1,0.002352941176470588
Diabetes mellitus,Laceration w/o fb of l idx fngr w/o damage to nail,1,0.002352941176470588
Diabetes mellitus,Multiple fractures of ribs,1,0.002352941176470588
Diabetes mellitus,Unspecified asthma with (acute) exacerbation,1,0.002352941176470588
End stage renal disease,Cardiovascular risk factor,1,0.022727272727272728
End stage renal disease,Head injury,1,0.022727272727272728
End stage renal disease,Hypotension,1,0.022727272727272728
End stage renal disease,Non-ST elevation (NSTEMI) myocardial infarction,1,0.022727272727272728
End stage renal disease,Skin or soft-tissue infection,1,0.022727272727272728
End stage renal disease,UTI or pyelonephritis,1,0.022727272727272728
Epilepsy,Alcohol abuse with intoxication,1,0.010309278350515464
Epilepsy,Diabetes mellitus,1,0.010309278350515464
Epilepsy,GI bleed,1,0.010309278350515464
Epilepsy,Heart failure,1,0.010309278350515464
Epilepsy,Hypotension,1,0.010309278350515464
Epilepsy,Skin or soft-tissue infection,1,0.010309278350515464
Epilepsy,Unspecified asthma with (acute) exacerbation,1,0.010309278350515464
Epilepsy,Unspecified atrial fibrillation,1,0.010309278350515464
GI bleed,Diabetes mellitus,1,0.0033112582781456954
GI bleed,Limb injury or pain,1,0.0033112582781456954
GI bleed,Non-ST elevation (NSTEMI) myocardial infarction,1,0.0033112582781456954
Head injury,GI bleed,1,0.00199203187250996
Heart failure,End stage renal disease,1,0.011764705882352941
Heart failure,Hypotension,1,0.011764705882352941
Hypokalemia,Anxiety disorder,1,0.007874015748031496
Hypokalemia,End stage renal disease,1,0.007874015748031496
Hypokalemia,GI bleed,1,0.007874015748031496
Hypokalemia,Hypothyroidism,1,0.007874015748031496
Hypokalemia,Lower respiratory disease,1,0.007874015748031496
Hypokalemia,Multiple fractures of ribs,1,0.007874015748031496
Hypokalemia,UTI or pyelonephritis,1,0.007874015748031496
Hypokalemia,Unspecified asthma with (acute) exacerbation,1,0.007874015748031496
Hypotension,Acute pharyngitis,1,0.02127659574468085
Hypotension,Alcohol abuse with intoxication,1,0.02127659574468085
Hypotension,Cardiovascular risk factor,1,0.02127659574468085
Hypotension,End stage renal disease,1,0.02127659574468085
Hypotension,GI bleed,1,0.02127659574468085
Hypotension,Lower respiratory disease,1,0.02127659574468085
Hypotension,Multiple fractures of ribs,1,0.02127659574468085
Hypotension,Non-ST elevation (NSTEMI) myocardial infarction,1,0.02127659574468085
Hypothyroidism,Alcohol abuse with intoxication,1,0.015384615384615385
Hypothyroidism,Back or spine pain,1,0.015384615384615385
Hypothyroidism,Epilepsy,1,0.015384615384615385
Hypothyroidism,Head injury,1,0.015384615384615385
Hypothyroidism,Lower respiratory disease,1,0.015384615384615385
Hypothyroidism,Multiple fractures of ribs,1,0.015384615384615385
Hypothyroidism,UTI or pyelonephritis,1,0.015384615384615385
Hypothyroidism,Unsp intestnl obst,1,0.015384615384615385
Laceration w/o fb of l idx fngr w/o damage to nail,Dehydration,1,0.00819672131147541
Laceration w/o fb of l idx fngr w/o damage to nail,Diabetes mellitus,1,0.00819672131147541
Laceration w/o fb of l idx fngr w/o damage to nail,Head injury,1,0.00819672131147541
Laceration w/o fb of l idx fngr w/o damage to nail,Major depressive disorder,1,0.00819672131147541
Laceration w/o fb of l idx fngr w/o damage to nail,Unspecified asthma with (acute) exacerbation,1,0.00819672131147541
Limb injury or pain,Sepsis,1,0.0011074197120708748
Lower respiratory disease,Anxiety disorder,1,0.0027100271002710027
Lower respiratory disease,Limb injury or pain,1,0.0027100271002710027
Lower respiratory disease,Skin or soft-tissue infection,1,0.0027100271002710027
Major depressive disorder,Acute kidney failure,1,0.003745318352059925
Major depressive disorder,Acute upper respiratory infection,1,0.003745318352059925
Major depressive disorder,Anemia,1,0.003745318352059925
Major depressive disorder,Diabetes mellitus,1,0.003745318352059925
Major depressive disorder,GI bleed,1,0.003745318352059925
Major depressive disorder,Head injury,1,0.003745318352059925
Major depressive disorder,Lower respiratory disease,1,0.003745318352059925
Multiple fractures of ribs,Anemia,1,0.014285714285714285
Multiple fractures of ribs,Cardiovascular risk factor,1,0.014285714285714285
Multiple fractures of ribs,Diabetes mellitus,1,0.014285714285714285
Multiple fractures of ribs,Hypokalemia,1,0.014285714285714285
Multiple fractures of ribs,Hypothyroidism,1,0.014285714285714285
Multiple fractures of ribs,Laceration w/o fb of l idx fngr w/o damage to nail,1,0.014285714285714285
Multiple fractures of ribs,Limb injury or pain,1,0.014285714285714285
Multiple fractures of ribs,Non-ST elevation (NSTEMI) myocardial infarction,1,0.014285714285714285
Multiple fractures of ribs,Skin or soft-tissue infection,1,0.014285714285714285
Multiple fractures of ribs,UTI or pyelonephritis,1,0.014285714285714285
Multiple fractures of ribs,Unspecified asthma with (acute) exacerbation,1,0.014285714285714285
Non-ST elevation (NSTEMI) myocardial infarction,Acute kidney failure,1,0.013888888888888888
Non-ST elevation (NSTEMI) myocardial infarction,Anemia,1,0.013888888888888888
Non-ST elevation (NSTEMI) myocardial infarction,Dehydration,1,0.013888888888888888
Non-ST elevation (NSTEMI) myocardial infarction,Diabetes mellitus,1,0.013888888888888888
Non-ST elevation (NSTEMI) myocardial infarction,GI bleed,1,0.013888888888888888
Non-ST elevation (NSTEMI) myocardial infarction,Hypotension,1,0.013888888888888888
Non-ST elevation (NSTEMI) myocardial infarction,Limb injury or pain,1,0.013888888888888888
Non-ST elevation (NSTEMI) myocardial infarction,Lower respiratory disease,1,0.013888888888888888
Sepsis,Back or spine pain,1,0.024390243902439025
Sepsis,Diabetes mellitus,1,0.024390243902439025
Sepsis,GI bleed,1,0.024390243902439025
Sepsis,Heart failure,1,0.024390243902439025
Sepsis,Hypokalemia,1,0.024390243902439025
Sepsis,Hypotension,1,0.024390243902439025
Sepsis,Skin or soft-tissue infection,1,0.024390243902439025
Sepsis,UTI or pyelonephritis,1,0.024390243902439025
Sepsis,Unsp intestnl obst,1,0.024390243902439025
Sepsis,Unspecified atrial fibrillation,1,0.024390243902439025
Skin or soft-tissue infection,End stage renal disease,1,0.002570694087403599
Skin or soft-tissue infection,Head injury,1,0.002570694087403599
UTI or pyelonephritis,Anxiety disorder,1,0.002421307506053269
Unsp intestnl obst,Acute upper respiratory infection,1,0.008547008547008548
Unsp intestnl obst,End stage renal disease,1,0.008547008547008548
Unspecified asthma with (acute) exacerbation,Acute kidney failure,1,0.008928571428571428
Unspecified asthma with (acute) exacerbation,Acute pharyngitis,1,0.008928571428571428
Unspecified asthma with (acute) exacerbation,Hypokalemia,1,0.008928571428571428
Unspecified asthma with (acute) exacerbation,Laceration w/o fb of l idx fngr w/o damage to nail,1,0.008928571428571428
Unspecified asthma with (acute) exacerbation,UTI or pyelonephritis,1,0.008928571428571428
Unspecified asthma with (acute) exacerbation,Unspecified atrial fibrillation,1,0.008928571428571428
Unspecified atrial fibrillation,Anemia,1,0.00558659217877095
Unspecified atrial fibrillation,Anxiety disorder,1,0.00558659217877095
Unspecified atrial fibrillation,Epilepsy,1,0.00558659217877095
Unspecified atrial fibrillation,GI bleed,1,0.00558659217877095
Unspecified atrial fibrillation,Hypotension,1,0.00558659217877095
Unspecified atrial fibrillation,Laceration w/o fb of l idx fngr w/o damage to nail,1,0.00558659217877095
